first name,last name,email
mk,leo,mkleo@fakemail.com
sam,sora,samsora@fakemail.com
mar,ss,marss@fakemail.com
e,sam,esam@fakemail.com
ze,ro,zero@fakemail.com
t,ea,tea@fakemail.com
zack,ray,zackray@fakemail.com
ko,me,kome@fakemail.com
kame,me,kameme@fakemail.com
hungry,box,hungrybox@fakemail.com
man,g0,mang0@fakemail.com
PP,MD,kreygasm@fakemail.com
ar,mada,armada@fakemail.com
mew,2king,mew2king@fakemail.com
za,in,zain@fakemail.com
plup,club,plup@fakemail.com
n0,ne,n0ne@fakemail.com
